{
    "app": {
        "baseUri": "",
        "appId": ""
    },
    "bot": {
        "botId": "",
        "botPassword": ""
    },
    "externalApp": {
        "consumer_key": "SET_AS_ENVIRONMENT_VARIABLE",
        "consumer_secret": "SET_AS_ENVIRONMENT_VARIABLE"
    },
    "externalAppUser": {
        "token": "SET_AS_ENVIRONMENT_VARIABLE",
        "token_secret": "SET_AS_ENVIRONMENT_VARIABLE"
    },
    "vstsApp": {
        "appId": "SET_AS_ENVIRONMENT_VARIABLE",
        "appSecret": "SET_AS_ENVIRONMENT_VARIABLE"
    },
    "channelStorageType": "default_bot_framework_sdk_store",
    "office365TenantFilter" :"#ANY#"
}
