{
  "rules": {
    "align": [true,
        "parameters",
        "arguments",
        "statements"
    ],
    "arrow-parens": true,
    "class-name": true,
    "curly": true,
    "eofline": true,
    "forin": true,
    "import-spacing": true,
    "indent": [true, "spaces", 4],
    "label-position": true,
    "max-line-length": [false, 160],
    "newline-before-return": false,
    "no-arg": true,
    "no-bitwise": true,
    "no-console": [true,
      "debug",
      "info",
      "time",
      "timeEnd",
      "trace"
    ],
    "no-consecutive-blank-lines": true,
    "no-construct": true,
    "no-debugger": true,
    "no-duplicate-variable": true,
    "no-empty": true,
    "no-eval": true,
    "no-null-keyword": true,
    "no-string-literal": false,
    "no-switch-case-fall-through": true,
    "no-trailing-whitespace": true,
    "no-var-keyword": true,
    "one-line": [true,
      "check-open-brace",
      "check-catch",
      "check-else",
      "check-whitespace"
    ],
    "one-variable-per-declaration": true,
    "prefer-const": true,
    "prefer-method-signature": true,
    "quotemark": [true, "double"],
    "radix": false,
    "semicolon": true,
    "space-before-function-paren": [
      false, {"anonymous": "always", "named": "never", "asyncArrow": "always"}
    ],
    "trailing-comma": [false, { "multiline": "never", "singleline": "never" }],
    "triple-equals": [true, "allow-null-check"],
    "variable-name": [true,
      "check-format",
      "allow-leading-underscore",
      "ban-keywords"
    ],
    "whitespace": [true,
      "check-branch",
      "check-decl",
      "check-operator",
      "check-separator"
    ]
  }
}
